id,name,category,price,description
1,Gaming Laptop,Electronics,65000,gaming laptop 16GB RAM NVIDIA graphics powerful processor
2,Mechanical Keyboard,Electronics,2500,mechanical gaming keyboard RGB backlit keys
3,Gaming Mouse,Electronics,1800,wireless gaming mouse RGB high precision sensor
4,Gaming Headphones,Electronics,3500,gaming headphones surround sound microphone RGB
5,USB C Hub,Electronics,1200,USB C hub HDMI USB ports laptop connectivity
6,Office Laptop,Electronics,55000,office laptop lightweight 16GB RAM fast processor
7,Wireless Earbuds,Audio,2200,wireless earbuds bluetooth noise cancellation
8,Smart Watch,Wearables,4500,smart watch fitness tracking heart rate bluetooth
9,Running Shoes,Fashion,3000,running shoes lightweight comfortable sports training
10,Gaming Chair,Furniture,12000,ergonomic gaming chair comfortable adjustable backrest
11,Webcam,Electronics,2800,HD webcam video calls streaming microphone
12,Portable SSD,Electronics,7000,portable SSD fast storage USB C high speed